"","Cebu Doctors University Hospital,Cebu City,Cebu","Chong Hua Hospital,Cebu City,Cebu","Perpetual Succour Hospital,Cebu City,Cebu","Asian Hospital and Medical Center,Muntinlupa,Metro Manila","Cardinal Santos Medical Center,San Juan,Metro Manila","Centuria Medical Makati - Asian Breast Center,Makati,Metro Manila","Chinese General Hospital and Medical Center,Manila,Metro Manila","Jose R. Reyes Memorial Medical Center,Manila,Metro Manila","Lung Center of the Philippines,Quezon City,Metro Manila","Makati Medical Center,Makati,Metro Manila","Manila Doctors Hospital,Manila,Metro Manila","Manila Med,Manila,Metro Manila","Metropolitan Medical Center,Manila,Metro Manila","Philippine General Hospital,Manila,Metro Manila","Philippine Oncology Center Corporation - Marian,Quezon City,Metro Manila","Quirino Memorial Medical Center,Quezon City,Metro Manila","Rizal Medical Center,Pasig,Metro Manila","San Juan De Dios Hospital,Pasay,Metro Manila","St. Luke's Medical Center - Global City,Taguig,Metro Manila","St. Luke's Medical Center - Quezon City,Quezon City,Metro Manila","The Medical City,Pasig,Metro Manila","University of Perpetual Help Delta,Las Pinas,Metro Manila","University of Santo Tomas,Manila,Metro Manila","Urology Center of the Philippines Inc.,Quezon City,Metro Manila"
"Abuyog,Leyte",214011.0,214296.0,215326.0,903897.0,927247.0,922843.0,928806.0,928244.0,935898.0,920650.0,928192.0,924843.0,928741.0,924517.0,946265.0,931962.0,923428.0,920679.0,922359.0,933535.0,925227.0,912068.0,927578.0,936553.0
"Alangalang,Leyte",193226.0,193511.0,194541.0,850500.0,873850.0,869446.0,875409.0,874847.0,882501.0,867253.0,874795.0,871446.0,875344.0,871120.0,892868.0,878565.0,870031.0,867282.0,868962.0,880138.0,871830.0,858671.0,874181.0,883156.0
"Albuera,Leyte",137164.0,137449.0,138479.0,946126.0,969476.0,965092.0,971035.0,970493.0,978127.0,962879.0,970421.0,967072.0,970970.0,966746.0,988514.0,974191.0,965657.0,962908.0,964588.0,975764.0,967476.0,954317.0,969807.0,978782.0
"Allen,Northern Samar",451908.0,452193.0,453223.0,579912.0,603262.0,598858.0,604821.0,604259.0,611913.0,596665.0,604207.0,600858.0,604756.0,600532.0,622280.0,607977.0,599443.0,596694.0,598374.0,609550.0,601242.0,588083.0,603593.0,612568.0
"Almeria,Biliran",206704.0,206989.0,208019.0,949524.0,972874.0,968470.0,974433.0,973871.0,981525.0,966277.0,973819.0,970470.0,974368.0,970144.0,991892.0,977589.0,969055.0,966306.0,967986.0,979162.0,970854.0,957695.0,973205.0,982180.0
"Anahawan,Southern Leyte",280936.0,281221.0,282251.0,970842.0,994192.0,989788.0,995751.0,995189.0,1002843.0,987595.0,995137.0,991788.0,995686.0,991462.0,1013210.0,998907.0,990373.0,987624.0,989304.0,1000480.0,992172.0,979013.0,994523.0,1003498.0
"Arteche,Eastern Samar",411251.0,411536.0,412566.0,780821.0,804171.0,799767.0,805730.0,805168.0,812822.0,797574.0,805116.0,801767.0,805665.0,801441.0,823189.0,808886.0,800352.0,797603.0,799283.0,810459.0,802151.0,788992.0,804502.0,813477.0
"BIliran,Biliran",181971.0,182256.0,183286.0,924791.0,948141.0,943737.0,949700.0,949138.0,956792.0,941544.0,949086.0,945737.0,949635.0,945411.0,967159.0,952856.0,944322.0,941573.0,943253.0,954429.0,946121.0,932962.0,948472.0,957447.0
"Babatngon,Leyte",198385.0,198670.0,199700.0,837052.0,860402.0,855998.0,861961.0,861399.0,869053.0,853805.0,861347.0,857998.0,861896.0,857672.0,879420.0,865117.0,856583.0,853834.0,855514.0,866690.0,858382.0,845223.0,860733.0,869708.0
"Balangiga,Eastern Samar",302408.0,302693.0,303723.0,893961.0,917311.0,912907.0,918870.0,918308.0,925962.0,910714.0,918256.0,914907.0,918805.0,914581.0,936329.0,922026.0,913492.0,910743.0,912423.0,923599.0,915291.0,902132.0,917642.0,926617.0
"Balangkayan,Eastern Samar",365778.0,366063.0,367093.0,890160.0,913510.0,909106.0,915069.0,914507.0,922161.0,906913.0,914455.0,911106.0,915004.0,910780.0,932528.0,918225.0,909691.0,906942.0,908622.0,919798.0,911490.0,898331.0,913841.0,922816.0
"Barugo,Leyte",173369.0,173654.0,174684.0,866584.0,889934.0,885530.0,891493.0,890931.0,898585.0,883337.0,890879.0,887530.0,891428.0,887204.0,908952.0,894649.0,886115.0,883366.0,885046.0,896222.0,887914.0,874755.0,890265.0,899240.0
"Basey,Samar",248293.0,248578.0,249608.0,839845.0,863195.0,858791.0,864754.0,864192.0,871846.0,856598.0,864140.0,860791.0,864689.0,860465.0,882213.0,867910.0,859376.0,856627.0,858307.0,869483.0,861175.0,848016.0,863526.0,872501.0
"Bato,Leyte",216391.0,216676.0,217706.0,969634.0,992984.0,988580.0,994543.0,993981.0,1001635.0,986387.0,993929.0,990580.0,994478.0,990254.0,1012002.0,997699.0,989165.0,986416.0,988096.0,999272.0,990964.0,977805.0,993315.0,1002290.0
"Bobon,Northern Samar",479453.0,479738.0,480768.0,631004.0,654354.0,649950.0,655913.0,655351.0,663005.0,647757.0,655299.0,651950.0,655848.0,651624.0,673372.0,659069.0,650535.0,647786.0,649466.0,660642.0,652334.0,639175.0,654685.0,663660.0
"Bontoc,Southern Leyte",231216.0,231501.0,232531.0,957351.0,980681.0,976277.0,982260.0,981698.0,989332.0,974084.0,981626.0,978277.0,982195.0,977971.0,999699.0,985396.0,976882.0,974113.0,975793.0,986989.0,978661.0,965502.0,981012.0,989987.0
"Burauen,Leyte",214962.0,215247.0,216277.0,863822.0,887172.0,882748.0,888711.0,888149.0,895823.0,880575.0,888117.0,884748.0,888666.0,884442.0,906170.0,891867.0,883353.0,880604.0,882264.0,893460.0,885132.0,871973.0,887483.0,896458.0
"Cabucgayan,Biliran",195292.0,195577.0,196607.0,938112.0,961462.0,957058.0,963021.0,962459.0,970113.0,954865.0,962407.0,959058.0,962956.0,958732.0,980480.0,966177.0,957643.0,954894.0,956574.0,967750.0,959442.0,946283.0,961793.0,970768.0
"Caibiran,Biliran",208913.0,209198.0,210228.0,951733.0,975083.0,970679.0,976642.0,976080.0,983734.0,968486.0,976028.0,972679.0,976577.0,972353.0,994101.0,979798.0,971264.0,968515.0,970195.0,981371.0,973063.0,959904.0,975414.0,984389.0
"Calbayog City,Samar",377558.0,377843.0,378873.0,653227.0,676577.0,672173.0,678136.0,677574.0,685228.0,669980.0,677522.0,674173.0,678071.0,673847.0,695595.0,681292.0,672758.0,670009.0,671689.0,682865.0,674557.0,661398.0,676908.0,685883.0
"Calbiga,Samar",268592.0,268877.0,269907.0,779151.0,802501.0,798097.0,804060.0,803498.0,811152.0,795904.0,803446.0,800097.0,803995.0,799771.0,821519.0,807216.0,798682.0,795933.0,797613.0,808789.0,800481.0,787322.0,802832.0,811807.0
"Calubian,Leyte",185858.0,186143.0,187173.0,928678.0,952028.0,947624.0,953587.0,953025.0,960679.0,945431.0,952973.0,949624.0,953522.0,949298.0,971046.0,956743.0,948209.0,945460.0,947140.0,958316.0,950008.0,936849.0,952359.0,961334.0
"Can-Avid,Eastern Samar",373875.0,374178.0,375208.0,841116.0,864466.0,860062.0,866025.0,865463.0,873117.0,857869.0,865411.0,862062.0,865960.0,861736.0,883484.0,869181.0,860647.0,857898.0,859578.0,870754.0,862446.0,849287.0,864797.0,873772.0
"Capoocan,Leyte",138835.0,139120.0,140150.0,906412.0,929762.0,925358.0,931321.0,930759.0,938413.0,923165.0,930707.0,927358.0,931256.0,927032.0,948780.0,934477.0,925943.0,923194.0,924874.0,936050.0,927742.0,914583.0,930093.0,939068.0
"Carigara,Leyte",161562.0,161847.0,162877.0,870286.0,893636.0,889232.0,895195.0,894633.0,902287.0,887039.0,894581.0,891232.0,895130.0,890906.0,912654.0,898351.0,889817.0,887068.0,888748.0,899924.0,891616.0,878457.0,893967.0,902942.0
"Catarman,Northern Samar",443785.0,444070.0,445100.0,633772.0,657122.0,652718.0,658681.0,658119.0,665773.0,650525.0,658067.0,654718.0,658616.0,654392.0,676140.0,661837.0,653303.0,650554.0,652234.0,663410.0,655102.0,641943.0,657453.0,666428.0
"Catubig,Northern Samar",516667.0,516952.0,517982.0,687368.0,710718.0,706314.0,712277.0,711715.0,719369.0,704121.0,711663.0,708314.0,712212.0,707988.0,729736.0,715433.0,706899.0,704150.0,705830.0,717006.0,708698.0,695539.0,711049.0,720024.0
"City of Baybay,Leyte",166990.0,167275.0,168305.0,924360.0,947690.0,943286.0,949269.0,948707.0,956361.0,941093.0,948655.0,945306.0,949184.0,944960.0,966728.0,952425.0,943891.0,941122.0,942822.0,953978.0,945670.0,932511.0,948021.0,956996.0
"City of Borongan,Eastern Samar",395829.0,396114.0,397144.0,860525.0,883875.0,879471.0,885434.0,884889.0,892526.0,877278.0,884837.0,881471.0,885386.0,881145.0,902893.0,888607.0,880056.0,877307.0,879004.0,890163.0,881855.0,868713.0,884206.0,893198.0
"City of Catbalogan,Samar",317911.0,318196.0,319226.0,713937.0,737287.0,732883.0,738846.0,738284.0,745938.0,730690.0,738232.0,734883.0,738781.0,734557.0,756305.0,742002.0,733468.0,730719.0,732399.0,743575.0,735267.0,722108.0,737618.0,746593.0
"City of Maasin,Southern Leyte",242404.0,242689.0,243719.0,1009725.0,1033075.0,1028671.0,1034634.0,1034072.0,1041726.0,1026478.0,1034020.0,1030671.0,1034569.0,1030345.0,1052093.0,1037790.0,1029256.0,1026507.0,1028187.0,1039363.0,1031055.0,1017896.0,1033406.0,1042381.0
"Culaba,Biliran",226269.0,226554.0,227584.0,969089.0,992419.0,988035.0,993978.0,993436.0,1001070.0,985842.0,993364.0,990015.0,993933.0,989709.0,1011437.0,997154.0,988600.0,985871.0,987551.0,998707.0,990399.0,977240.0,992750.0,1001745.0
"Dagami,Leyte",202281.0,202566.0,203596.0,860589.0,883939.0,879535.0,885498.0,884936.0,892590.0,877342.0,884884.0,881535.0,885433.0,881209.0,902957.0,888654.0,880120.0,877371.0,879051.0,890227.0,881919.0,868760.0,884270.0,893245.0
"Dolores,Eastern Samar",390807.0,391092.0,392122.0,858048.0,881398.0,876977.0,882940.0,882395.0,890049.0,874801.0,882343.0,878977.0,882892.0,878651.0,900416.0,886113.0,877562.0,874830.0,876493.0,887686.0,879361.0,866219.0,881729.0,890704.0
"Dulag,Leyte",232050.0,232335.0,233365.0,865429.0,888759.0,884375.0,890318.0,889756.0,897410.0,882162.0,889704.0,886355.0,890253.0,886049.0,907777.0,893474.0,884940.0,882191.0,883871.0,895047.0,886739.0,873600.0,889110.0,898085.0
"Gamay,Northern Samar",453610.0,453895.0,454925.0,741409.0,764759.0,760355.0,766318.0,765756.0,773410.0,758162.0,765704.0,762355.0,766253.0,762029.0,783777.0,769474.0,760940.0,758191.0,759871.0,771047.0,762739.0,749580.0,765090.0,774065.0
"Gandara,Samar",358542.0,358827.0,359857.0,695302.0,718652.0,714248.0,720211.0,719649.0,727303.0,712055.0,719597.0,716248.0,720146.0,715922.0,737670.0,723367.0,714833.0,712084.0,713764.0,724940.0,716632.0,703473.0,718983.0,727958.0
"General MacArthur,Eastern Samar",326337.0,326622.0,327652.0,929676.0,953026.0,948622.0,954585.0,954023.0,961677.0,946429.0,953971.0,950622.0,954520.0,950296.0,972044.0,957741.0,949207.0,946458.0,948138.0,959314.0,951006.0,937847.0,953357.0,962332.0
"Giporlos,Eastern Samar",305875.0,306160.0,307190.0,897428.0,920778.0,916374.0,922337.0,921775.0,929429.0,914181.0,921704.0,918374.0,922253.0,918048.0,939777.0,925474.0,916940.0,914191.0,915871.0,927066.0,918758.0,905599.0,921090.0,930065.0
"Guiuan,Eastern Samar",352542.0,352827.0,353857.0,944094.0,967444.0,963040.0,969003.0,968441.0,976095.0,960847.0,968389.0,965040.0,968938.0,964714.0,986462.0,972159.0,963625.0,960876.0,962556.0,973732.0,965424.0,952265.0,967775.0,976750.0
"Hernani,Eastern Samar",340457.0,340742.0,341772.0,917886.0,941236.0,936832.0,942795.0,942233.0,949887.0,934639.0,942181.0,938832.0,942730.0,938506.0,960254.0,945951.0,937417.0,934668.0,936348.0,947524.0,939216.0,926057.0,941567.0,950542.0
"Hilongos,Leyte",201527.0,201812.0,202842.0,968831.0,992181.0,987777.0,993740.0,993178.0,1000832.0,985584.0,993126.0,989777.0,993675.0,989451.0,1011199.0,996896.0,988362.0,985613.0,987293.0,998469.0,990161.0,977002.0,992512.0,1001487.0
"Hinabangan,Samar",317198.0,317483.0,318513.0,784438.0,807788.0,803368.0,809331.0,808769.0,816439.0,801175.0,808733.0,805368.0,809282.0,805058.0,826790.0,812487.0,803953.0,801204.0,802900.0,814076.0,805752.0,792593.0,808103.0,817078.0
"Hindang,Leyte",195787.0,196072.0,197102.0,963108.0,986458.0,982054.0,988017.0,987455.0,995109.0,979861.0,987403.0,984054.0,987952.0,983728.0,1005476.0,991173.0,982639.0,979890.0,981570.0,992746.0,984438.0,971279.0,986789.0,995764.0
"Hinunangan,Southern Leyte",268269.0,268554.0,269584.0,958175.0,981525.0,977121.0,983084.0,982522.0,990176.0,974928.0,982470.0,979121.0,983019.0,978795.0,1000543.0,986240.0,977706.0,974957.0,976637.0,987813.0,979505.0,966346.0,981856.0,990831.0
"Hinundayan,Southern Leyte",268005.0,268290.0,269320.0,957911.0,981261.0,976857.0,982820.0,982258.0,989912.0,974664.0,982206.0,978857.0,982755.0,978531.0,1000279.0,985976.0,977442.0,974693.0,976373.0,987549.0,979241.0,966082.0,981592.0,990567.0
"Inopacan,Leyte",185276.0,185561.0,186591.0,952597.0,975947.0,971543.0,977506.0,976944.0,984598.0,969350.0,976892.0,973543.0,977441.0,973217.0,994965.0,980662.0,972128.0,969379.0,971059.0,982235.0,973927.0,960768.0,976278.0,985253.0
"Isabel,Leyte",158913.0,159198.0,160228.0,962515.0,985865.0,981461.0,987424.0,986862.0,994516.0,979268.0,986810.0,983461.0,987359.0,983135.0,1004883.0,990580.0,982046.0,979297.0,980977.0,992153.0,983845.0,970686.0,986196.0,995171.0
"Jaro,Leyte",183070.0,183355.0,184385.0,857105.0,880455.0,876051.0,882014.0,881452.0,889106.0,873858.0,881400.0,878051.0,881949.0,877725.0,899473.0,885170.0,876636.0,873887.0,875567.0,886743.0,878435.0,865276.0,880786.0,889761.0
"Javier,Leyte",213743.0,214028.0,215058.0,890944.0,914294.0,909890.0,915853.0,915291.0,922945.0,907697.0,915239.0,911890.0,915788.0,911564.0,933312.0,919009.0,910475.0,907726.0,909406.0,920582.0,912274.0,899115.0,914625.0,923600.0
"Jiabong,Samar",300710.0,300995.0,302025.0,745861.0,769211.0,764833.0,770770.0,770234.0,777862.0,762614.0,770156.0,766807.0,770705.0,766481.0,788229.0,773952.0,765392.0,762643.0,764323.0,775499.0,767217.0,754032.0,769542.0,778517.0
"Julita,Leyte",223178.0,223463.0,224493.0,865329.0,888679.0,884275.0,890238.0,889676.0,897330.0,882082.0,889624.0,886275.0,890173.0,885949.0,907697.0,893394.0,884860.0,882111.0,883791.0,894967.0,886659.0,873500.0,889010.0,897985.0
"Kananga,Leyte",128364.0,128649.0,129679.0,903484.0,926834.0,922430.0,928393.0,927831.0,935485.0,920237.0,927779.0,924430.0,928328.0,924104.0,945852.0,931549.0,923015.0,920266.0,921946.0,933122.0,924814.0,911655.0,927165.0,936140.0
"Kawayan,Biliran",211393.0,211678.0,212708.0,954213.0,977563.0,973159.0,979122.0,978560.0,986214.0,970966.0,978508.0,975159.0,979057.0,974833.0,996581.0,982278.0,973744.0,970995.0,972675.0,983851.0,975543.0,962384.0,977894.0,986869.0
"La Paz,Leyte",232309.0,232594.0,233624.0,878388.0,901738.0,897334.0,903297.0,902755.0,910389.0,895141.0,902683.0,899354.0,903232.0,899008.0,920776.0,906453.0,897919.0,895170.0,896850.0,908046.0,899718.0,886559.0,902089.0,911044.0
"Laoang,Northern Samar",511695.0,511980.0,513010.0,679057.0,702407.0,698003.0,703966.0,703404.0,711058.0,695810.0,703352.0,700003.0,703901.0,699677.0,721425.0,707122.0,698588.0,695839.0,697519.0,708695.0,700387.0,687228.0,702738.0,711713.0
"Lapinig,Northern Samar",441513.0,441798.0,442828.0,750289.0,773639.0,769235.0,775198.0,774636.0,782290.0,767042.0,774584.0,771235.0,775133.0,770909.0,792657.0,778354.0,769820.0,767071.0,768751.0,779927.0,771619.0,758460.0,773970.0,782945.0
"Las Navas,Northern Samar",536609.0,536894.0,537904.0,707310.0,730660.0,726256.0,732219.0,731657.0,739311.0,724063.0,731605.0,728256.0,732154.0,727930.0,749678.0,735375.0,726841.0,724092.0,725772.0,736948.0,728640.0,715481.0,730991.0,739966.0
"Lavezares,Northern Samar",467580.0,467865.0,468895.0,595783.0,619133.0,614729.0,620692.0,620130.0,627784.0,612536.0,620078.0,616729.0,620627.0,616403.0,638151.0,623848.0,615314.0,612565.0,614245.0,625421.0,617113.0,603954.0,619464.0,628439.0
"Lawaan,Eastern Samar",279787.0,280072.0,281102.0,871340.0,894690.0,890286.0,896249.0,895687.0,903341.0,888093.0,895635.0,892286.0,896184.0,891960.0,913708.0,899405.0,890871.0,888122.0,889802.0,900978.0,892670.0,879511.0,895021.0,903996.0
"Leyte,Leyte",162731.0,163016.0,164046.0,905551.0,928901.0,924497.0,930460.0,929898.0,937552.0,922304.0,929846.0,926497.0,930395.0,926171.0,947919.0,933616.0,925082.0,922333.0,924013.0,935189.0,926881.0,913722.0,929232.0,938207.0
"Libagon,Southern Leyte",272251.0,272536.0,273566.0,981946.0,1005296.0,1000892.0,1006855.0,1006293.0,1013947.0,998699.0,1006241.0,1002892.0,1006790.0,1002566.0,1024314.0,1010011.0,1001477.0,998728.0,1000408.0,1011584.0,1003276.0,990117.0,1005627.0,1014602.0
"Liloan,Southern Leyte",262041.0,262326.0,263356.0,985951.0,1009321.0,1004917.0,1010880.0,1010318.0,1017972.0,1002724.0,1010266.0,1006917.0,1010815.0,1006591.0,1028339.0,1014036.0,1005502.0,1002753.0,1004433.0,1015609.0,1007301.0,994142.0,1009652.0,1018627.0
"Llorente,Eastern Samar",357110.0,357395.0,358425.0,898828.0,922178.0,917791.0,923737.0,923175.0,930829.0,915581.0,923140.0,919774.0,923672.0,919465.0,941196.0,926893.0,918376.0,915610.0,917290.0,928466.0,920158.0,907016.0,922509.0,931484.0
"Lope de Vega,Northern Samar",420600.0,420905.0,421935.0,663413.0,686763.0,682359.0,688322.0,687760.0,695414.0,680166.0,687708.0,684359.0,688257.0,684033.0,705781.0,691478.0,682944.0,680195.0,681875.0,693051.0,684743.0,671584.0,687094.0,696069.0
"Macarthur,Leyte",220328.0,220613.0,221643.0,883337.0,906687.0,902283.0,908246.0,907684.0,915338.0,900090.0,907632.0,904283.0,908181.0,903957.0,925705.0,911402.0,902868.0,900119.0,901799.0,912975.0,904667.0,891508.0,907018.0,915993.0
"Macrohon,Southern Leyte",254727.0,255012.0,256042.0,1002237.0,1025567.0,1021163.0,1027146.0,1026584.0,1034218.0,1018990.0,1026532.0,1023183.0,1027061.0,1022857.0,1044585.0,1030282.0,1021768.0,1019019.0,1020699.0,1031875.0,1023567.0,1010408.0,1025918.0,1034873.0
"Mahaplag,Leyte",188405.0,188690.0,189720.0,912336.0,935686.0,931282.0,937245.0,936683.0,944337.0,929089.0,936631.0,933282.0,937180.0,932956.0,954704.0,940401.0,931867.0,929118.0,930798.0,941974.0,933666.0,920507.0,936017.0,944992.0
"Malitbog,Southern Leyte",254633.0,254918.0,255948.0,976865.0,1000195.0,995791.0,1001774.0,1001192.0,1008846.0,993598.0,1001160.0,997811.0,1001689.0,997465.0,1019233.0,1004910.0,996396.0,993627.0,995327.0,1006503.0,998175.0,985036.0,1000546.0,1009521.0
"Mapanas,Northern Samar",468929.0,469214.0,470244.0,726173.0,749523.0,745119.0,751082.0,750520.0,758174.0,742926.0,750468.0,747119.0,751017.0,746793.0,768541.0,754238.0,745704.0,742955.0,744635.0,755811.0,747503.0,734344.0,749854.0,758829.0
"Marabut,Samar",245275.0,245560.0,246590.0,836828.0,860178.0,855774.0,861737.0,861175.0,868829.0,853581.0,861123.0,857774.0,861672.0,857448.0,879196.0,864893.0,856359.0,853610.0,855290.0,866466.0,858158.0,844999.0,860509.0,869484.0
"Maslog,Eastern Samar",399791.0,400076.0,401106.0,867032.0,890382.0,885978.0,891941.0,891379.0,899033.0,883785.0,891327.0,887978.0,891876.0,887652.0,909400.0,895097.0,886563.0,883814.0,885494.0,896670.0,888362.0,875203.0,890713.0,899688.0
"Matag-ob,Leyte",143409.0,143694.0,144724.0,918517.0,941887.0,937483.0,943446.0,942864.0,950538.0,935290.0,942812.0,939463.0,943361.0,939137.0,960885.0,946582.0,938048.0,935299.0,936979.0,948155.0,939847.0,926688.0,942198.0,951173.0
"Matalom,Leyte",218601.0,218886.0,219916.0,985902.0,1009252.0,1004848.0,1010811.0,1010249.0,1017903.0,1002655.0,1010197.0,1006848.0,1010766.0,1006522.0,1028270.0,1013987.0,1005433.0,1002684.0,1004364.0,1015540.0,1007252.0,994073.0,1009603.0,1018558.0
"Mayorga,Leyte",221720.0,222005.0,223035.0,872935.0,896285.0,891881.0,897824.0,897262.0,904936.0,889688.0,897230.0,893861.0,897759.0,893535.0,915283.0,900980.0,892446.0,889697.0,891397.0,902553.0,894265.0,881086.0,896596.0,905571.0
"Mercedes,Eastern Samar",344719.0,345004.0,346034.0,936271.0,959621.0,955217.0,961180.0,960618.0,968272.0,953024.0,960566.0,957217.0,961115.0,956891.0,978639.0,964336.0,955802.0,953053.0,954733.0,965909.0,957601.0,944442.0,959952.0,968927.0
"Merida,Leyta",135204.0,135489.0,136519.0,938806.0,962156.0,957752.0,963715.0,963153.0,970807.0,955559.0,963101.0,959752.0,963650.0,959426.0,981174.0,966871.0,958337.0,955588.0,957268.0,968444.0,960136.0,946977.0,962487.0,971462.0
"Mondragon,Northern Samar",162731.0,163016.0,164046.0,905551.0,928901.0,924477.0,930440.0,929878.0,937552.0,922284.0,929846.0,926477.0,930375.0,926151.0,947919.0,933596.0,925082.0,922313.0,924013.0,935189.0,926881.0,913722.0,929232.0,938207.0
"Naval,Biliran",194467.0,194752.0,195782.0,937267.0,960617.0,956233.0,962176.0,961614.0,969288.0,954020.0,961562.0,958213.0,962111.0,957907.0,979655.0,965352.0,956798.0,954049.0,955749.0,966905.0,958617.0,945458.0,960968.0,969923.0
"Oras,Eastern Samar",382166.0,382469.0,383481.0,817336.0,840686.0,836282.0,842245.0,841683.0,849337.0,834089.0,841631.0,838282.0,842180.0,837956.0,859704.0,845401.0,836867.0,834118.0,835798.0,846974.0,838666.0,825507.0,841017.0,849992.0
"Ormoc City,Leyte",109023.0,109308.0,110338.0,922808.0,946158.0,941754.0,947717.0,947155.0,954809.0,939561.0,947103.0,943754.0,947652.0,943428.0,965176.0,950873.0,942339.0,939590.0,941270.0,952446.0,944138.0,930979.0,946489.0,955464.0
"Padre Burgos,Southern Leyte",263655.0,263940.0,264970.0,985887.0,1009237.0,1004833.0,1010796.0,1010234.0,1017888.0,1002640.0,1010182.0,1006833.0,1010731.0,1006507.0,1028255.0,1013952.0,1005418.0,1002669.0,1004349.0,1015525.0,1007217.0,994058.0,1009568.0,1018543.0
"Pagsanghan,Samar",352991.0,353276.0,354306.0,697409.0,720759.0,716355.0,722318.0,721756.0,729410.0,714162.0,721704.0,718355.0,722253.0,718029.0,739777.0,725474.0,716940.0,714191.0,715871.0,727047.0,718739.0,705580.0,721090.0,730065.0
"Palapag,Northern Samar",494817.0,495084.0,496114.0,696983.0,720333.0,715929.0,721892.0,721330.0,728984.0,713736.0,721278.0,717929.0,721827.0,717603.0,739351.0,725048.0,716514.0,713765.0,715445.0,726621.0,718313.0,705154.0,720664.0,729639.0
"Palo,Leyte",204402.0,204687.0,205717.0,837677.0,861027.0,856643.0,862586.0,862044.0,869678.0,854450.0,861972.0,858623.0,862521.0,858297.0,880065.0,865762.0,857208.0,854459.0,856139.0,867335.0,859007.0,845848.0,861358.0,870333.0
"Palompon,Leyte",142800.0,143085.0,144115.0,941758.0,965108.0,960704.0,966667.0,966105.0,973759.0,958511.0,966053.0,962704.0,966602.0,962378.0,984126.0,969823.0,961289.0,958540.0,960220.0,971396.0,963088.0,949929.0,965439.0,974414.0
"Pambujan,Northern Samar",495707.0,495992.0,497022.0,666428.0,689778.0,685374.0,691337.0,690775.0,698429.0,683181.0,690723.0,687374.0,691272.0,687048.0,708796.0,694493.0,685959.0,683210.0,684890.0,696066.0,687758.0,674599.0,690109.0,699084.0
"Paranas,Samar",302808.0,303093.0,304141.0,770048.0,793398.0,788994.0,794957.0,794395.0,802049.0,786801.0,794343.0,790994.0,794892.0,790668.0,812416.0,798113.0,789579.0,786830.0,788510.0,799686.0,791378.0,778219.0,793729.0,802704.0
"Pastrana,Leyte",197449.0,197734.0,198764.0,845912.0,869262.0,864858.0,870821.0,870259.0,877913.0,862665.0,870207.0,866858.0,870756.0,866532.0,888280.0,873977.0,865443.0,862694.0,864374.0,875550.0,867242.0,854083.0,869593.0,878568.0
"Pinabacdao,Samar",252319.0,252604.0,253634.0,796427.0,819777.0,815393.0,821336.0,820774.0,828448.0,813200.0,820722.0,817393.0,821291.0,817067.0,838815.0,824492.0,815978.0,813229.0,814909.0,826085.0,817757.0,804618.0,820108.0,829103.0
"Pintuyan,Southern Leyte",278942.0,279227.0,280257.0,1002872.0,1026222.0,1021818.0,1027781.0,1027219.0,1034873.0,1019625.0,1027167.0,1023818.0,1027716.0,1023492.0,1045240.0,1030937.0,1022403.0,1019654.0,1021334.0,1032510.0,1024202.0,1011043.0,1026553.0,1035528.0
"Quinapondan,Eastern Samar",323627.0,323912.0,324942.0,915179.0,938529.0,934125.0,940088.0,939526.0,947180.0,931932.0,939474.0,936125.0,940023.0,935799.0,957547.0,943244.0,934710.0,931961.0,933641.0,944817.0,936509.0,923350.0,938860.0,947835.0
"Rosario,Northern Samar",471957.0,472242.0,473292.0,600161.0,623511.0,619107.0,625070.0,624508.0,632162.0,616914.0,624456.0,621107.0,625005.0,620781.0,642529.0,628226.0,619692.0,616943.0,618623.0,629799.0,621491.0,608332.0,623842.0,632817.0
"Saint Bernard,Southern Leyte",265739.0,266024.0,267054.0,975414.0,998764.0,994360.0,1000323.0,999761.0,1007415.0,992187.0,999729.0,996360.0,1000258.0,996034.0,1017782.0,1003479.0,994945.0,992216.0,993896.0,1005052.0,996744.0,983585.0,999095.0,1008070.0
"Salcedo,Eastern Samar",332813.0,333098.0,334128.0,924365.0,947715.0,943311.0,949274.0,948712.0,956366.0,941118.0,948660.0,945311.0,949209.0,944985.0,966733.0,952430.0,943896.0,941147.0,942827.0,954003.0,945695.0,932536.0,948046.0,957021.0
"San Francisco,Southern Leyte",265807.0,266092.0,267122.0,989738.0,1013088.0,1008684.0,1014647.0,1014085.0,1021739.0,1006491.0,1014033.0,1010684.0,1014582.0,1010358.0,1032106.0,1017803.0,1009269.0,1006520.0,1008200.0,1019376.0,1011068.0,997909.0,1013419.0,1022394.0
"San Isidro,Leyte",182351.0,182636.0,183666.0,930651.0,954001.0,949597.0,955560.0,954998.0,962652.0,947404.0,954946.0,951597.0,955495.0,951271.0,973019.0,958716.0,950182.0,947433.0,949113.0,960289.0,951981.0,938822.0,954332.0,963307.0
"San Isidro,Northern Samar",441297.0,441582.0,442612.0,606236.0,629586.0,625182.0,631145.0,630583.0,638237.0,622989.0,630531.0,627182.0,631080.0,626856.0,648604.0,634301.0,625767.0,623018.0,624698.0,635874.0,627566.0,614407.0,629917.0,638892.0
"San Jorge,Samar",350451.0,350736.0,351766.0,700517.0,723867.0,719463.0,725426.0,724864.0,732518.0,717270.0,724812.0,721463.0,725361.0,721137.0,742885.0,728582.0,720048.0,717299.0,718979.0,730155.0,721847.0,708688.0,724198.0,733173.0
"San Jose de Buan,Samar",326792.0,327077.0,328107.0,794032.0,817382.0,812978.0,818941.0,818379.0,826033.0,810785.0,818327.0,814978.0,818876.0,814652.0,836400.0,822097.0,813563.0,810814.0,812494.0,823670.0,815362.0,802203.0,817713.0,826688.0
"San Jose,Northern Samar",470940.0,471205.0,472235.0,607853.0,631203.0,626799.0,632762.0,632200.0,639854.0,624606.0,632148.0,628799.0,632697.0,628473.0,650221.0,635918.0,627384.0,624635.0,626315.0,637491.0,629183.0,616024.0,631534.0,640509.0
"San Juan,Southern Leyte",271348.0,271633.0,272663.0,980415.0,1003765.0,999361.0,1005324.0,1004762.0,1012416.0,997168.0,1004710.0,1001361.0,1005259.0,1001035.0,1022783.0,1008480.0,999946.0,997197.0,998877.0,1010053.0,1001745.0,988586.0,1004096.0,1013071.0
"San Julian,Eastern Samar",368381.0,368648.0,369696.0,835604.0,858954.0,854550.0,860513.0,859951.0,867605.0,852357.0,859899.0,856550.0,860448.0,856224.0,877972.0,863669.0,855135.0,852386.0,854066.0,865242.0,856934.0,843775.0,859285.0,868260.0
"San Miguel,Leyte",186566.0,186851.0,187881.0,862985.0,886355.0,881931.0,887894.0,887352.0,894986.0,879738.0,887280.0,883931.0,887829.0,883625.0,905353.0,891050.0,882516.0,879767.0,881447.0,892623.0,884315.0,871156.0,886666.0,895641.0
"San Policarpio,Eastern Samar",400291.0,400576.0,401606.0,796413.0,819763.0,815359.0,821322.0,820760.0,828414.0,813166.0,820708.0,817359.0,821257.0,817033.0,838781.0,824478.0,815944.0,813195.0,814875.0,826051.0,817743.0,804584.0,820094.0,829069.0
"San Ricardo,Southern Leyte",302679.0,302964.0,303994.0,1026609.0,1049959.0,1045555.0,1051518.0,1050956.0,1058610.0,1043362.0,1050904.0,1047555.0,1051453.0,1047229.0,1068977.0,1054674.0,1046140.0,1043391.0,1045071.0,1056247.0,1047939.0,1034780.0,1050290.0,1059265.0
"San Roque,Northen Samar",486053.0,486338.0,487368.0,656754.0,680104.0,675700.0,681663.0,681101.0,688755.0,673507.0,681049.0,677700.0,681598.0,677374.0,699122.0,684819.0,676285.0,673536.0,675216.0,686392.0,678084.0,664925.0,680435.0,689410.0
"San Sebastian,Samar",269373.0,269658.0,270688.0,767863.0,791213.0,786809.0,792772.0,792210.0,799864.0,784616.0,792158.0,788809.0,792707.0,788483.0,810231.0,795928.0,787394.0,784645.0,786325.0,797501.0,789193.0,776034.0,791544.0,800519.0
"Santa Fe,Leyte",198257.0,198542.0,199572.0,840225.0,863575.0,859171.0,865134.0,864572.0,872226.0,856978.0,864520.0,861171.0,865069.0,860845.0,882593.0,868290.0,859756.0,857007.0,858687.0,869863.0,861555.0,848396.0,863906.0,872881.0
"Santa Margarita,Samar",364168.0,364453.0,365483.0,668026.0,691376.0,686972.0,692935.0,692373.0,700027.0,684779.0,692321.0,688972.0,692870.0,688646.0,710394.0,696091.0,687557.0,684808.0,686488.0,697664.0,689356.0,676197.0,691707.0,700682.0
"Santa Rita,Samar",235880.0,236165.0,237195.0,795968.0,819318.0,814914.0,820877.0,820295.0,827949.0,812721.0,820263.0,816894.0,820792.0,816568.0,838336.0,824033.0,815479.0,812730.0,814430.0,825606.0,817278.0,804139.0,819629.0,828624.0
"Silago,Southern Leyte",234914.0,235199.0,236229.0,924820.0,948150.0,943746.0,949709.0,949147.0,956821.0,941573.0,949095.0,945746.0,949644.0,945420.0,967168.0,952865.0,944331.0,941582.0,943282.0,954458.0,946150.0,932991.0,948481.0,957456.0
"Sogod,Southern Leyte",220801.0,221086.0,222116.0,944731.0,968061.0,963677.0,969640.0,969058.0,976732.0,961484.0,969006.0,965657.0,969575.0,965331.0,987099.0,972796.0,964242.0,961513.0,963173.0,974369.0,966041.0,952902.0,968392.0,977367.0
"Sulat,Eastern Samar",363793.0,364096.0,365108.0,831034.0,854367.0,849963.0,855926.0,855364.0,863018.0,847770.0,855312.0,851963.0,855878.0,851637.0,873385.0,859082.0,850548.0,847816.0,849479.0,860655.0,852347.0,839188.0,854698.0,863673.0
"Tabango,Leyte",168566.0,168851.0,169881.0,918096.0,941446.0,937042.0,943005.0,942443.0,950097.0,934849.0,942391.0,939042.0,942940.0,938716.0,960464.0,946161.0,937627.0,934878.0,936558.0,947734.0,939426.0,926267.0,941777.0,950752.0
"Tabontabon,Leyte",212658.0,212943.0,213973.0,859504.0,882854.0,878450.0,884413.0,883851.0,891505.0,876257.0,883799.0,880450.0,884348.0,880124.0,901872.0,887569.0,879035.0,876286.0,877966.0,889142.0,880834.0,867675.0,883185.0,892160.0
"Tacloban City,Leyte",205939.0,206224.0,207254.0,826165.0,849515.0,845111.0,851074.0,850512.0,858166.0,842918.0,850460.0,847111.0,851009.0,846785.0,868533.0,854230.0,845696.0,842947.0,844627.0,855803.0,847495.0,834336.0,849846.0,858821.0
"Taft,Eastern Samar",345787.0,346072.0,347102.0,813011.0,836361.0,831974.0,837937.0,837358.0,845012.0,829764.0,837306.0,833957.0,837872.0,833631.0,855379.0,841093.0,832559.0,829810.0,831473.0,842649.0,834358.0,821182.0,836692.0,845667.0
"Talalora,Samar",279390.0,279675.0,280705.0,802122.0,825492.0,821068.0,827031.0,826469.0,834143.0,818875.0,826417.0,823068.0,826986.0,822762.0,844510.0,830187.0,821653.0,818904.0,820584.0,831780.0,823452.0,810293.0,825803.0,834778.0
"Tanauan,Leyte",210851.0,211136.0,212166.0,844230.0,867580.0,863176.0,869139.0,868577.0,876231.0,860983.0,868525.0,865176.0,869074.0,864850.0,886598.0,872295.0,863761.0,861012.0,862692.0,873868.0,865560.0,852401.0,867911.0,876886.0
"Tarangnan,Samar",334764.0,335049.0,336079.0,705320.0,728670.0,724266.0,730229.0,729667.0,737321.0,722073.0,729615.0,726266.0,730164.0,725940.0,747688.0,733385.0,724851.0,722102.0,723782.0,734958.0,726650.0,713491.0,729001.0,737976.0
"Tolosa,Leyte",220437.0,220722.0,221752.0,853816.0,877166.0,872762.0,878725.0,878163.0,885817.0,870569.0,878111.0,874762.0,878660.0,874436.0,896184.0,881881.0,873347.0,870598.0,872278.0,883454.0,875146.0,861987.0,877497.0,886472.0
"Tomas Oppus,Southern Leyte",241952.0,242237.0,243267.0,964184.0,987534.0,983130.0,989093.0,988531.0,996185.0,980937.0,988479.0,985130.0,989028.0,984804.0,1006552.0,992249.0,983715.0,980966.0,982646.0,993822.0,985514.0,972355.0,987865.0,996840.0
"Tunga,Leyte",173072.0,173357.0,174387.0,860733.0,884083.0,879679.0,885642.0,885080.0,892734.0,877486.0,885028.0,881679.0,885577.0,881353.0,903101.0,888798.0,880264.0,877515.0,879195.0,890371.0,882063.0,868904.0,884414.0,893389.0
"Victoria,Northern Samar",442972.0,443257.0,444287.0,589151.0,612501.0,608097.0,614060.0,613498.0,621152.0,605904.0,613446.0,610097.0,613995.0,609771.0,631519.0,617216.0,608682.0,605933.0,607613.0,618789.0,610481.0,597322.0,612832.0,621807.0
"Villaba,Leyte",148246.0,148531.0,149561.0,923374.0,946724.0,942320.0,948283.0,947721.0,955375.0,940127.0,947669.0,944320.0,948218.0,943994.0,965742.0,951439.0,942905.0,940156.0,941836.0,953012.0,944704.0,931545.0,947055.0,956030.0
"Villareal,Samar",265179.0,265464.0,266494.0,787931.0,811281.0,806877.0,812840.0,812278.0,819932.0,804684.0,812226.0,808877.0,812775.0,808551.0,830299.0,815996.0,807462.0,804713.0,806393.0,817569.0,809261.0,796102.0,811612.0,820587.0
